"","Mean","Median","Variance"
"g1",168.55226,1.578,924716.523520209
"g2",5.51736,0,1346.01796307246
"g3",334.54384,152.195,104857.292260379
"g4",0.83624,0,21.7520244390097
"g5",417.3175,114.1345,548224.172408448
"g6",66.68168,0,24982.083883042
"g7",0,0,0
"g8",0,0,0
"g9",71.22244,0.3945,15625.8553019771
"g10",61.37938,1.81,47338.467790624
"g11",7.76112,0,1511.78986223329
"g12",0,0,0
"g13",0.94736,0,4.4000368252322
"g14",0,0,0
"g15",0.02478,0,0.0214341145392852
"g16",5.4651,0,327.489507398542
"g17",700.39078,456.289,499853.941629697
"g18",1.1761,0,30.6678683019275
"g19",95.85786,1.374,69801.2221674321
"g20",0,0,0
"g21",185.62724,11.4125,314392.457114336
"g22",580.37544,202.128,2080600.61331996
"g23",4.07794,0,150.991391603684
"g24",158.57882,86.7535,29813.8451081368
"g25",25.3952,0,23244.7902887736
"g26",0,0,0
"g27",9.49362,1.4105,2212.90561671368
"g28",398.23036,141.574,825420.549915396
"g29",78.87708,2.7675,59853.7530606869
"g30",7.35818,0,634.814264576213
"g31",0,0,0
"g32",63.2128,0.7355,18584.2738929698
"g33",40.30646,0,69681.1181782298
"g34",36.0332,0,22963.7671374154
"g35",0,0,0
"g36",405.63324,309.676,237619.694066155
"g37",619.58772,304.2235,1090964.86001066
"g38",127.70104,19,39498.9039895262
"g39",412.17904,44.555,671155.010778968
"g40",0,0,0
"g41",0,0,0
"g42",1.76988,0,21.739934429671
"g43",11.03218,0,2255.34281487809
"g44",148.19992,3.5965,269664.09981523
"g45",0,0,0
"g46",3.3682,0,245.323624391269
"g47",0,0,0
"g48",35.28778,0.8855,7531.20948388738
"g49",22.62356,0.9225,15062.1314423551
"g50",115.08092,4.5575,104173.707119025
"g51",8.22812,0,2777.256394269
"g52",9.85548,0,971.820626745558
"g53",11.50398,0,2121.82456223165
"g54",7.64068,0,736.794387142147
"g55",115.88302,15.053,46534.0778014562
"g56",152.71092,13.2635,89284.2982576008
"g57",955.52172,770.9595,475710.78195666
"g58",54.23216,2.2375,101578.098288081
"g59",1962.94716,1619.6345,3059645.44831106
"g60",1.98098,0,131.192921617089
"g61",0.996,0,26.5313952826941
"g62",369.38574,243.646,507434.058838944
"g63",39.4884,0,15548.9568700802
"g64",87.55776,4.884,80121.8956689035
"g65",3.57518,0,82.7013435726187
"g66",0.36604,0,10.5028027295846
"g67",21.57208,0,8877.28182529841
"g68",857.24298,615.8165,1049360.14080501
"g69",160.98142,24.9235,59662.2667786873
"g70",179.31854,50.7495,75784.2733318574
"g71",70.27264,4.5415,37149.8854776752
"g72",0,0,0
"g73",0,0,0
"g74",39.23454,25.8735,2021.83207598826
"g75",10.83304,0,2060.6577490052
"g76",0,0,0
"g77",3.20978,1.2245,62.2311557754593
"g78",0,0,0
"g79",2.42102,0,40.1477532070168
"g80",2534.0749,1988.92,2332757.8863199
"g81",442.4219,239.217,207625.139960568
"g82",11.63444,0,5308.14070794025
"g83",196.27,16.9615,314315.156718374
"g84",7.4951,0,952.257800973607
"g85",0,0,0
"g86",0.18896,0,0.912495424995528
"g87",296.50794,169.02,95467.8485690435
"g88",307.97366,164.67,229160.097454819
"g89",0,0,0
"g90",0.01842,0,0.0101727751945485
"g91",0.4565,0,8.40135446876814
"g92",0,0,0
"g93",70.08902,0.822,17638.4230259314
"g94",161.63364,25.102,333438.8559709
"g95",506.16452,204.4815,568467.10859943
"g96",0,0,0
"g97",22.57912,1.518,5281.12603157409
"g98",0,0,0
"g99",1.76936,0,235.443112740678
"g100",654.423,432.9495,565930.12845631
"g101",1.46918,0,7.82407776369512
"g102",164.7658,2.728,128128.040060586
"g103",80.54774,6.246,29042.3144522546
"g104",15.99836,0,1760.05006658378
"g105",6.66876,0,1659.39209780942
"g106",132.68318,0,80280.1666483663
"g107",22.6092,0,10927.5753613467
"g108",919.12286,537.3005,1057115.42028147
"g109",15.27006,0,9406.40767897824
"g110",0,0,0
"g111",31.85736,1.4725,4862.89943264549
"g112",345.95084,52.385,255276.309449562
"g113",181.64394,0,1068376.47103782
"g114",0,0,0
"g115",212.56338,14.234,211674.648974398
"g116",518.76264,362.536,560955.948096158
"g117",0,0,0
"g118",25.59244,0.8165,2121.37231143614
"g119",431.78904,308.0435,193573.955877837
"g120",9.40572,0.6515,849.764952801399
"g121",577.97992,189.1215,568298.938923568
"g122",8.87512,4.4995,947.351491673237
"g123",489.8011,240.874,457835.800313522
"g124",0,0,0
"g125",0,0,0
"g126",311.01916,79.913,143832.354404139
"g127",117.0712,13.552,34753.6483744279
"g128",2.2476,0.0465,31.025649766519
"g129",0,0,0
"g130",17.53794,0,11622.346840883
"g131",311.75704,16.856,1063430.20082021
"g132",44.7807,3.733,12940.662953704
"g133",733.01724,457.4235,1461038.06391693
"g134",0,0,0
"g135",6.51582,4.344,147.163360365504
"g136",6.70888,3.9425,54.8933073086842
"g137",1219.99706,1088.6835,768671.573238369
"g138",175.18466,0.745,233245.968018019
"g139",26.84488,0,10910.0718923134
"g140",1427.50062,1178.838,1120339.34631685
"g141",1.66152,1.544,4.42156492588614
"g142",417.45878,251.9155,321090.057261821
"g143",0,0,0
"g144",0,0,0
"g145",0.01318,0,0.00744059581250179
"g146",426.05206,152.2845,256187.398246922
"g147",10968.20012,9914.781,40179269.6398603
"g148",23.0938,0,10458.9538415867
"g149",8.71086,0,406.250448166823
"g150",24.0176,1.7125,4410.32974756895
"g151",10.72274,0,1506.99420536841
"g152",509.51732,211.1935,391525.89783097
"g153",0,0,0
"g154",0,0,0
"g155",12.91398,0,3197.74745043856
"g156",62.2696,0,30021.901869242
"g157",0,0,0
"g158",0.249,0,2.49957653616242
"g159",16.26144,0,1852.94270662963
"g160",13.75492,0,1092.38955525548
"g161",0,0,0
"g162",110.63576,14.9995,45852.7185240394
"g163",66.45128,3.3785,16735.0567745622
"g164",745.49566,523.2995,526689.218878426
"g165",0.04104,0,0.0335502720784198
"g166",828.04638,689.181,353616.72358061
"g167",52.85218,0,70093.2152567731
"g168",24.90172,0,3755.40604413775
"g169",12.51866,7.3875,431.215547834683
"g170",0,0,0
"g171",0.06736,0,0.182335950715052
"g172",127.90126,2.443,222813.051422819
"g173",47.76054,2.6345,9454.12667571297
"g174",2.3505,0,105.624473932297
"g175",0,0,0
"g176",164.16452,3.2095,132098.871402032
"g177",3.47788,1.4855,53.9918493835572
"g178",666.01336,543.698,321608.780096379
"g179",0.36182,0,3.49432508927172
"g180",0.01548,0,0.00960374192934747
"g181",42.0323,0.87,18853.9458623192
"g182",26.65226,3.526,2922.84422583716
"g183",54.78604,3.9195,9763.54399115589
"g184",57.58566,0,36655.6626037203
"g185",37.99956,0,22834.2093451205
"g186",4.2348,0,856.78414851852
"g187",0,0,0
"g188",0,0,0
"g189",29.8295,0.3295,5009.50994681136
"g190",43.09754,0,35907.4279902796
"g191",60.46762,0,19171.2266992692
"g192",628.83368,461.5025,331972.085077177
"g193",16.14004,4.364,2005.77933992893
"g194",5.95746,0,172.881729288254
"g195",50.99836,0,28162.2150645486
"g196",4.89884,0,410.373189794651
"g197",10.85762,7.386,209.18992430795
"g198",921.03244,836.118,573148.540600769
"g199",17.704,0,7359.83814330933
"g200",0,0,0
"g201",9.99678,7.238,194.956917511797
"g202",0,0,0
"g203",0,0,0
"g204",0,0,0
"g205",209.07166,0,607390.615262491
"g206",0.10878,0,0.408224264064022
"g207",12.39328,0,1626.67637344037
"g208",17.18498,0,2206.01459637339
"g209",0.02146,0,0.0206804078686712
"g210",0.71176,0,5.53156872029741
"g211",35.51064,18.471,2777.19155896215
"g212",460.68072,127.435,874808.91530293
"g213",130.95154,39.566,106553.614501396
"g214",0,0,0
"g215",54.6944,7.251,9474.73796226584
"g216",110.44906,26.66,69320.6725951231
"g217",537.45086,245.937,384633.945067906
"g218",144.57026,9.4165,78185.2362716096
"g219",0,0,0
"g220",50.32104,15.79,8359.88912684143
"g221",8.33116,2.0485,230.064859686439
"g222",48.63376,15.0805,4577.23481368676
"g223",2544.6971,2398.992,2365500.75870006
"g224",185.84712,8.62,243606.42738144
"g225",189.65794,30.153,99223.8327274484
"g226",0,0,0
"g227",43.86588,0.7375,9875.76988999728
"g228",44.15,0,10914.3850616273
"g229",495.84864,265.788,278059.455302512
"g230",124.61934,9.8765,279515.199857494
"g231",0,0,0
"g232",0,0,0
"g233",75.51834,0,210552.016737377
"g234",3.53974,0,233.464668699402
"g235",51.04996,0,32740.0362894594
"g236",0,0,0
"g237",0,0,0
"g238",223.17316,18.651,548624.770285919
"g239",73.68512,0,340464.602851665
"g240",48.14076,4.377,12965.7146189965
"g241",37.91126,0,10098.6308575775
"g242",0.83418,0,21.8409589429899
"g243",226.01478,169.496,48114.9057526914
"g244",0,0,0
"g245",58.83224,0,42601.324158443
"g246",0,0,0
"g247",51.27406,4.1885,18063.0844682508
"g248",51.28174,5.004,12566.6432088242
"g249",0,0,0
"g250",94.72992,4.132,21518.3396189832
"g251",1608.35488,1359.7945,5678274.55631476
"g252",74.00318,0,33127.6952740697
"g253",93.70878,10.7615,34075.0976220356
"g254",3190.01732,2558.676,8579990.59837615
"g255",138.60484,0,782378.446478831
"g256",871.06796,699.553,548718.294861392
"g257",58.0491,1.929,27076.7452325613
"g258",130.44682,28.4565,74614.1289730043
"g259",32.6739,0,6798.08902220456
"g260",4.56886,2.1065,89.9260901866759
"g261",1.08248,0,36.0419986946068
"g262",304.30358,56.8995,235302.646709335
"g263",376.78192,94.207,424391.638290084
"g264",635.51924,133.2375,1146789.55705515
"g265",16.37262,10.602,1105.22204075282
"g266",316.8284,173.0725,221329.872829541
"g267",0,0,0
"g268",151.152,7.4425,238520.628441507
"g269",194.56524,5.401,346926.22926318
"g270",1.0764,0,35.1644603248145
"g271",11.32256,0,1242.60900988136
"g272",1.18922,0,7.42339473892739
"g273",88.73172,2.8985,51958.0108572521
"g274",2.26608,0,98.1434368373276
"g275",79.98136,3.1865,25447.350565033
"g276",1.2223,0,23.3169779592054
"g277",49.41462,0,10170.593431165
"g278",179.90746,26.94,81603.4156991103
"g279",10.91076,0,3503.63777836843
"g280",0,0,0
"g281",646.39512,339.9045,392499.847988942
"g282",35.54792,6.1335,31242.1568236229
"g283",71.55388,0,49231.8428777966
"g284",160.52112,24.11,73203.3522505374
"g285",239.36196,20.928,305242.264431917
"g286",648.604,145.9145,2268591.26890022
"g287",9.32784,0,3142.66160509149
"g288",4.48884,1.96,62.1903838977205
"g289",38.59392,0,14149.5444092021
"g290",0.10136,0,0.391371428212014
"g291",230.96994,11.1045,586925.273228515
"g292",5.33064,2.065,164.406273279225
"g293",0.638,0,11.2707389375954
"g294",42.66374,0,17085.3539987456
"g295",408.05584,136.51,215536.456421692
"g296",803.25678,448.8125,1145135.8357016
"g297",25.81164,0,26250.2290009745
"g298",4.24002,0,152.77130773447
"g299",5.93866,0,781.283321887415
"g300",143.3867,0.8235,73633.0291974977
"g301",0,0,0
"g302",123.77352,32.8785,35027.9569709565
"g303",250.79514,109.898,191848.646737144
"g304",288.57858,179.8,171332.788495674
"g305",0,0,0
"g306",223.96468,35.9055,218368.124046393
"g307",365.14286,89.54,2635495.63440797
"g308",483.32478,171.2675,1939230.94123421
"g309",0.03448,0,0.0514551468077755
"g310",0,0,0
"g311",0,0,0
"g312",42.7022,0.772,54293.1044612737
"g313",0,0,0
"g314",7.9988,0,1071.3729820663
"g315",0,0,0
"g316",433.9739,12.265,1466439.84603155
"g317",104.69088,0.9445,62580.7077490867
"g318",0,0,0
"g319",19.73906,0,7655.6320127006
"g320",55.08134,0,16613.459462358
"g321",576.70042,413.365,317949.542856158
"g322",170.57754,48.41,51381.6909860418
"g323",0,0,0
"g324",0.97314,0,36.8898703067895
"g325",0.53456,0,13.9123614690232
"g326",277.84338,75.282,128927.822183728
"g327",0,0,0
"g328",0,0,0
"g329",0.7638,0,14.7122808282912
"g330",67.39258,0,20759.8095432662
"g331",0.69422,0,22.2814253727446
"g332",1.00836,0,12.1971294589217
"g333",463.11968,194.337,456146.005614671
"g334",163.23758,75.586,105803.286701491
"g335",74.61112,24.026,11677.1932063288
"g336",111.32954,2.443,75840.1598036702
"g337",44.45266,2.4375,13793.1195654577
"g338",23.39304,0,14824.0863945458
"g339",892.27702,722.358,570395.143523989
"g340",0,0,0
"g341",563.21902,191.4535,876918.497526139
"g342",2.12182,0.856,9.99799387125835
"g343",745.39358,385.821,991067.724404785
"g344",17.13384,0,3420.87051304756
"g345",72.39148,0.746,38422.01040247
"g346",80.48484,0,263101.94718017
"g347",2.35974,0,58.555073836855
"g348",754.60276,568.639,668310.337209024
"g349",238.95434,24.726,138161.797665676
"g350",177.34716,0,118876.16873522
"g351",21.94904,0,5851.49347627835
"g352",281.39374,43.8655,223582.517659563
"g353",364.93354,129.5525,317094.26791198
"g354",0,0,0
"g355",45.7368,0,19295.047823496
"g356",13.16438,0,2061.04959726173
"g357",0,0,0
"g358",0,0,0
"g359",86.43548,0,40335.7524032995
"g360",0,0,0
"g361",22.58294,0,3648.45430681536
"g362",2.2509,0,60.835282359482
"g363",280.7608,118.824,123215.263231976
"g364",160.94088,16.485,49856.7533325949
"g365",40.92898,0,11994.4341139462
"g366",0,0,0
"g367",0,0,0
"g368",3.21278,0,309.47257655544
"g369",269.66342,117.7845,94145.1338488818
"g370",194.10026,22.0305,202447.56504517
"g371",0,0,0
"g372",41.05748,15.71,7009.51277924969
"g373",0,0,0
"g374",0,0,0
"g375",10.1187,0,954.665220991969
"g376",78.2319,16.0925,39767.6819215364
"g377",0,0,0
"g378",0,0,0
"g379",38.29034,0,17490.9520251431
"g380",429.6117,160.4685,356768.672470749
"g381",6.80466,2.304,230.396356195346
"g382",370.10088,48.465,808158.453554903
"g383",0,0,0
"g384",308.38288,5.671,960893.033849551
"g385",0,0,0
"g386",282.15978,6.6815,552489.700204871
"g387",1.36006,0,70.5662174200658
"g388",95.7862,6.071,37294.226101984
"g389",402.8454,181.62,160095.65706751
"g390",1.78362,0,151.773693505207
"g391",0,0,0
"g392",60.53138,28.705,8672.35253567907
"g393",132.38646,30.9395,650321.027402989
"g394",0,0,0
"g395",0.11598,0,0.180007702072413
"g396",567.84894,328.278,350624.752238534
"g397",193.93382,73.439,62513.2602838609
"g398",339.77826,300.7,66119.3984512058
"g399",0.69482,0,19.4562474494211
"g400",2002.82148,1778.2325,2122730.8945675
"g401",0,0,0
"g402",1436.92224,1193.6755,1286649.21480887
"g403",55.42812,0,133270.196939807
"g404",481.94934,251.7095,333607.587023388
"g405",137.50754,1.2815,84421.8692309458
"g406",247.36608,55.0355,85502.8756392066
"g407",0,0,0
"g408",0,0,0
"g409",1.6798,0,111.723649747582
"g410",67.01454,1.2705,16064.5270950328
"g411",1248.54298,566.178,1634966.26861874
"g412",0.02912,0,0.0638742460341534
"g413",47.34848,2.2185,13614.7563835865
"g414",138.99072,3.801,326878.27902022
"g415",0,0,0
"g416",36.68842,2.825,11427.7012085282
"g417",9.65622,4.5695,265.065988027834
"g418",15.00392,0,1658.35905201912
"g419",217.04,69.5225,77542.1559751371
"g420",63.50532,0,42328.6141747236
"g421",0.166,0,1.11092290496108
"g422",42.80202,2.6205,31327.2462948553
"g423",9.36402,0,3528.47577809998
"g424",31.1084,0,8155.01773377098
"g425",250.97924,31.9095,202140.010407299
"g426",1169.444,1097.8395,831722.47708531
"g427",4.89018,0,300.737414606518
"g428",212.85402,77.1585,146438.519313014
"g429",477.40404,200.5125,1040590.18574525
"g430",77.09806,50.258,10862.3898102914
"g431",101.9384,0,565661.179155765
"g432",56.48666,12.5775,9073.52139418029
"g433",0,0,0
"g434",0,0,0
"g435",0.22936,0,0.87297665249585
"g436",3704.25568,2778.7005,7782333.985705
"g437",11.76512,0,3427.3751069906
"g438",26.22862,0.7825,6361.54007469034
"g439",207.36376,2.266,218838.843684323
"g440",343.70858,250.201,195133.751679188
"g441",16.5696,0.8085,2051.76118784678
"g442",125.27178,37.6245,39774.3485740378
"g443",1.03826,0,35.5585236735534
"g444",807.16984,697.767,215031.621230079
"g445",846.56786,621.959,629171.083335411
"g446",70.77624,2.5035,22834.3115806926
"g447",19.37072,1.102,3022.53289741286
"g448",748.37368,520.3415,616028.37322951
"g449",949.17626,627.2135,1298587.4932172
"g450",21.90214,0,2473.84683392574
"g451",11.81452,0,741.689407490508
"g452",3060.60052,2394.5675,12018052.9794549
"g453",3162.48494,1944.008,14389063.0391088
"g454",12.14628,8.9235,265.732892638972
"g455",4052.22494,3636.404,8197581.30821002
"g456",0,0,0
"g457",69.49522,0,198116.787301348
"g458",33.21314,0,3837.5279337386
"g459",597.32436,188.656,640856.456129603
"g460",0,0,0
"g461",39.55128,9.747,3891.95281873313
"g462",100.67206,14.7425,40606.2701832859
"g463",85.41554,0,267398.196741813
"g464",26.09644,0,5643.06649944311
"g465",82.9592,3.862,22708.0462624069
"g466",4.60926,0,174.999790315777
"g467",15.9615,0,3678.09000141115
"g468",340.9975,178.4795,282114.30693423
"g469",256.51066,77.5315,106704.741313165
"g470",78.74358,28.605,11865.1314917632
"g471",582.9194,257.689,518830.814344038
"g472",9.3967,4.428,325.550198263158
"g473",72.5684,1.697,50029.9850805945
"g474",4.4261,0,258.222227098995
"g475",0.0562,0,0.120342184958191
"g476",710.14616,154.043,1249771.96023143
"g477",57.51324,2.8875,14201.939168924
"g478",0.2654,0,0.34580349967785
"g479",0,0,0
"g480",283.86596,54.3475,265895.873480056
"g481",1.61972,0,13.2678468221365
"g482",0,0,0
"g483",0,0,0
"g484",282.12032,85.926,152133.662061592
"g485",1.76612,0,43.1486394966473
"g486",30.7672,0,18706.7974184466
"g487",17.3906,0,6090.02473429638
"g488",266.0547,36.21,151536.46133158
"g489",18.02112,9.0545,853.732314867766
"g490",0,0,0
"g491",17.01074,0.864,2002.17162392353
"g492",140.85618,9.8155,300432.913951868
"g493",0,0,0
"g494",0,0,0
"g495",63.28008,3.8,18973.8574740373
"g496",4.83764,1.445,123.988829656221
"g497",0,0,0
"g498",0,0,0
"g499",803.92226,538.87,553900.579989435
"g500",161.89316,22.421,143125.875494748
"g501",42.71836,1.847,12437.9267349435
"g502",0.00056,0,1.0892401586278e-05
"g503",0,0,0
"g504",1.24078,0,11.2691107510375
"g505",225.92962,35.444,81263.7938796775
"g506",0,0,0
"g507",243.18428,55.6195,275919.645261256
"g508",575.6402,371.4335,509624.434225452
"g509",0,0,0
"g510",36.66322,0,14820.7688849099
"g511",38.23986,0,9471.46258655732
"g512",0,0,0
"g513",4530.58168,3201.3335,24882808.3565146
"g514",0,0,0
"g515",582.75616,353.4895,562966.023335115
"g516",0.15808,0,0.811551856167589
"g517",2923.9016,2205.9885,5192178.9163637
"g518",20.79008,0,2905.47260813978
"g519",398.27906,16.7485,522235.355006238
"g520",33.6364,0,8427.47778995674
"g521",0,0,0
"g522",482.31958,3.453,8184308.61547949
"g523",134.38508,0.266,92679.4273807982
"g524",0.8729,0,1.76780447832854
"g525",0.10434,0,0.128076346286352
"g526",156.9368,0,581660.129765092
"g527",0,0,0
"g528",244.43548,86.384,164563.259622534
"g529",0.03704,0,0.0468904450075835
"g530",0,0,0
"g531",0.04112,0,0.0596000090890674
"g532",13.6236,0,8316.07891826595
"g533",0.60266,0,3.84425389078128
"g534",879.23812,350.9535,1004853.03352456
"g535",57.96102,5.835,25598.4016932292
"g536",0,0,0
"g537",11.53052,0,708.79752102649
"g538",0,0,0
"g539",8.89606,0,1054.02361639137
"g540",743.09862,438.5315,923679.858966036
"g541",131.26266,2.2825,78264.3360886727
"g542",1505.86338,1044.802,2379668.15696566
"g543",0,0,0
"g544",2.67542,0,129.527785857083
"g545",0.03796,0,0.0289646252534995
"g546",0,0,0
"g547",60.75982,25.135,3491.97054611865
"g548",108.61228,0,54645.1633473826
"g549",136.30034,113.8755,8788.47004224301
"g550",344.47772,156.6055,198011.670091711
"g551",107.98884,0,81106.7287626114
"g552",35.09746,0,12152.4174977661
"g553",24.95176,0,5221.2326326437
"g554",0,0,0
"g555",153.45296,34.6675,58204.5515061069
"g556",25.70704,0,5254.06690915995
"g557",25.37736,0,26311.9928159835
"g558",952.16328,678.7825,3793345.37502503
"g559",172.59758,2.719,71764.182268324
"g560",1908.05646,1278.8,6363236.50039993
"g561",9.63608,0,2337.05412874088
"g562",0,0,0
"g563",25.34184,6.111,2760.98324395313
"g564",144.66592,23.1305,44095.9770496763
"g565",0,0,0
"g566",291.59824,50.155,227559.633988076
"g567",1425.51358,893.8215,5915839.69189641
"g568",30.95028,0,10322.0885013271
"g569",1.98386,0,85.3898827860501
"g570",32.37704,18.113,3498.22146698626
"g571",21.34438,0.8415,13587.2466011149
"g572",0,0,0
"g573",668.62574,463.078,532805.758456617
"g574",190.18522,1.162,373462.590030111
"g575",17.4286,0,6219.21556986636
"g576",153.93872,0,1245901.17250563
"g577",1466.99422,1358.9585,876445.513920239
"g578",4070.24548,889.72,47550900.9530179
"g579",0.10608,0,0.509970908119025
"g580",0.0115,0,0.00625064412901183
"g581",0,0,0
"g582",1.52726,0,58.3854390367979
"g583",148.62652,26.2365,555901.730677057
"g584",89.48094,0,165896.626296116
"g585",1.83464,0,76.1168452448715
"g586",33.39576,0,6836.39837781381
"g587",0,0,0
"g588",104.98628,0,41183.5299234799
"g589",25.35874,3.968,2306.00658125131
"g590",0,0,0
"g591",388.6286,34.397,306480.9241901
"g592",74.52752,0,87614.7635071829
"g593",0,0,0
"g594",48.91332,0,47783.2719903089
"g595",517.8907,423.5785,204032.729814975
"g596",0.0115,0,0.00625064412901183
"g597",0,0,0
"g598",83.70346,30.711,37580.3972654629
"g599",12.71332,0,2897.82578476176
"g600",604.6436,392.3355,278839.434519469
"g601",250.41324,39.004,464233.037547271
"g602",214.92098,4.416,134082.463260142
"g603",6.17858,3.729,80.3525671332541
"g604",2147.65626,1910.498,2031584.88059065
"g605",254.52134,38.7525,150448.154789223
"g606",118.24014,0.9005,373250.212867587
"g607",1.40872,0,8.60429579676422
"g608",31.04658,0,4587.87432891683
"g609",1385.45364,1286.617,678940.293751546
"g610",0,0,0
"g611",2.76568,0,279.989310007647
"g612",6.52506,0,943.53486892525
"g613",0,0,0
"g614",0,0,0
"g615",0,0,0
"g616",385.12372,89.403,533781.299053165
"g617",0.05414,0,0.0878813456748695
"g618",0,0,0
"g619",4.38436,0,421.408793247546
"g620",0.06766,0,0.152901908861018
"g621",0,0,0
"g622",12.71378,0,3307.75038320444
"g623",0,0,0
"g624",177.95926,0,1769849.61935728
"g625",1766.06832,1237.146,2135062.07531407
"g626",1.58952,0,93.1352902528042
"g627",0,0,0
"g628",545.90986,281.682,586386.403755594
"g629",15.28982,1.0805,2642.56803686374
"g630",777.57074,323.0705,1344261.5020248
"g631",182.36984,37.697,69612.9258748492
"g632",207.04942,1.141,689114.128123319
"g633",0,0,0
"g634",0,0,0
"g635",0.08458,0,0.348291838636379
"g636",94.46812,3.7695,30471.3905991306
"g637",177.42432,3.6945,251545.697149566
"g638",58.30998,7.408,60945.8089213236
"g639",0,0,0
"g640",1.0935,0,21.7918916344728
"g641",11.92196,0,3618.73034799188
"g642",428.8241,115.0535,206611.018128632
"g643",0,0,0
"g644",1495.82522,1412.109,661367.400011805
"g645",0,0,0
"g646",0,0,0
"g647",66.8537,0,103743.749694673
"g648",34.26988,0,27219.2056825802
"g649",85.48086,4.5405,83957.8462962347
"g650",0,0,0
"g651",0,0,0
"g652",20.31046,2.1615,1794.4449611367
"g653",0,0,0
"g654",0,0,0
"g655",0,0,0
"g656",367.57558,116.685,313988.529741668
"g657",7.02156,0,930.836007349994
"g658",871.57748,488.261,2767835.68196562
"g659",139.54836,37.6235,46441.2653450643
"g660",1.30594,0,21.0946891154579
"g661",800.64242,776.745,218840.051827017
"g662",144.89728,23.848,66797.8086689375
"g663",563.60806,422.466,343975.491265678
"g664",49.7921,0,11192.1056193634
"g665",9.96272,6.8345,165.709638872553
"g666",111.76986,11.824,281144.67030625
"g667",4.37522,0,162.309184923116
"g668",174.38968,9.1315,202241.049863943
"g669",0.27478,0,0.998276059882475
"g670",0,0,0
"g671",58.07274,0,36811.8531576838
"g672",108.89654,6.0025,166627.000087921
"g673",22.63422,0,6015.36652951331
"g674",36.33876,1.5605,9659.1624567029
"g675",0.19756,0,2.9399576908784
"g676",55.83832,11.5715,9730.92458323609
"g677",23.91224,0,6295.91726175744
"g678",0.02256,0,0.0169991462768641
"g679",391.58114,161.3095,388797.721457688
"g680",9.4483,0.9225,1114.24928901605
"g681",416.9777,120.771,334880.4579583
"g682",3.60388,0,188.261183022536
"g683",1369.26474,1145.208,762552.631391496
"g684",30.76744,0,14353.4239487964
"g685",375.55282,316.484,162817.805714187
"g686",0,0,0
"g687",608.1072,279.1035,1787297.24254559
"g688",0,0,0
"g689",0,0,0
"g690",0,0,0
"g691",533.3689,176.4215,923093.048725247
"g692",155.25776,1.7795,157050.108514332
"g693",0,0,0
"g694",0.02852,0,0.0277997852278783
"g695",0.00308,0,0.000703493266285232
"g696",0,0,0
"g697",282.11326,111.5885,320178.83553745
"g698",746.40984,449.754,910419.350939608
"g699",26.92388,2.848,6698.79382016885
"g700",0,0,0
"g701",2.06086,0,57.8205949945537
"g702",110.48664,21.5005,35670.6558011289
"g703",151.03216,75.4765,36664.4898011051
"g704",9.8156,0,2666.48857445215
"g705",0,0,0
"g706",3.76524,0,228.752470965802
"g707",276.60556,32.14,406988.05402822
"g708",5891.5591,4835.196,18383049.1731979
"g709",458.2575,318.467,221307.001558853
"g710",94.92498,5.0185,26192.7666834499
"g711",0,0,0
"g712",138.33156,18.918,65102.0962441124
"g713",9.9812,6.9815,194.200488725317
"g714",19.15526,9.712,1359.49679631453
"g715",60.89302,8.811,50142.754045952
"g716",0,0,0
"g717",3.05222,1.626,30.0466594715185
"g718",8.8632,0,1219.63191424146
"g719",0.03582,0,0.0515607602012944
"g720",0.03982,0,0.0499268733764667
"g721",226.8874,9.751,290117.721436408
"g722",0,0,0
"g723",0.15788,0,1.00303643913633
"g724",84.52066,0,47133.5890593771
"g725",390.59038,310.433,132537.348567239
"g726",0,0,0
"g727",0,0,0
"g728",25.57658,0,19906.2754287221
"g729",52.20102,2.726,8490.20619142231
"g730",841.52736,334.6735,3797206.27344841
"g731",55.35538,4.187,34733.3823410856
"g732",542.42198,471.9155,110541.938669653
"g733",234.48364,63.2265,139947.011057938
"g734",0,0,0
"g735",6.92026,0,501.547813119636
"g736",0,0,0
"g737",55.59386,1.6325,39200.2396055482
"g738",0,0,0
"g739",18.91504,0,5804.94504712813
"g740",212.08676,26.7995,205739.098637718
"g741",5.68316,0,931.783232225457
"g742",52.70712,0,15283.2741983722
"g743",0,0,0
"g744",16.8693,0,2100.57721079752
"g745",17.04352,0,2411.45091866067
"g746",212.07082,2.3755,304046.853846079
"g747",13.43518,5.8505,426.667119093686
"g748",57.27952,0.869,46778.9901269179
"g749",519.52188,278.5965,298910.419577917
"g750",5.70472,1.284,362.727656442633
"g751",12.10292,8.764,315.165340330391
"g752",500.72202,63.37,1791039.08424046
"g753",0.64048,0,5.41107613211238
"g754",10.67698,0,2013.96929246857
"g755",0,0,0
"g756",6.21474,0,1491.98489887356
"g757",21.85512,1.7855,2796.91859753344
"g758",43.09422,2.2025,4870.90494923719
"g759",0,0,0
"g760",373.71642,275.169,141890.902969032
"g761",0.49304,0,11.3222500388534
"g762",95.50634,25.2655,40331.342300652
"g763",7.9614,0,564.786770791375
"g764",11.56994,9.042,102.820867034668
"g765",285.89032,60.2785,98407.4860797466
"g766",151.35154,14.6675,107227.098798581
"g767",9.82252,0,817.557990906159
"g768",0.0115,0,0.00625064412901183
"g769",69.8881,2.5365,41858.4497236036
"g770",32.47894,20.5865,2637.23953289854
"g771",1894.88842,1323.996,3736553.76769762
"g772",265.53146,50.442,210846.517405465
"g773",0,0,0
"g774",447.18974,96.128,1316743.73047875
"g775",57.21046,3.757,24086.0054667487
"g776",392.30892,102.977,347481.508288777
"g777",37.24274,0,18323.656617925
"g778",186.56314,67.004,157015.890117973
"g779",9.4234,6.9345,228.276482099067
"g780",192.72306,5.026,104940.284642118
"g781",0.01732,0,0.0134708636398086
"g782",138.96826,49.366,32753.2279188084
"g783",447.92372,339.5645,354732.774318213
"g784",24.4709,0,18596.4486903903
"g785",12.74516,0,1622.93771517872
"g786",48.55334,3.2365,12444.6454407343
"g787",711.79858,180.736,1556201.30577237
"g788",9343.56632,8449.344,22438864.35866
"g789",0,0,0
"g790",313.18926,75.163,192110.381958244
"g791",55.21872,1.2755,21549.1787616517
"g792",0.67322,0,5.63456612605158
"g793",0,0,0
"g794",636.52398,485.885,360460.692320107
"g795",171.61812,83.107,33119.3382791645
"g796",227.90016,1.508,736456.993357708
"g797",0.5366,0,9.07577170405244
"g798",0,0,0
"g799",88.97178,1.9525,165744.578884995
"g800",157.01976,24.033,183931.247497694
"g801",0,0,0
"g802",2.72028,0,81.1906880100363
"g803",0.20606,0,1.61782913493048
"g804",382.43098,332.7955,85946.5111013369
"g805",0,0,0
"g806",328.5385,98.113,398474.702873328
"g807",0,0,0
"g808",5.63526,0,834.321544386535
"g809",1149.57724,1021.193,980211.059494478
"g810",5.18388,3.9885,83.4519558171848
"g811",80.65698,10.51,32250.9366371666
"g812",56.0111,9.537,9971.69992279952
"g813",238.37878,20.1075,269940.665281337
"g814",6.66084,0,2160.06062075111
"g815",0.01562,0,0.00551580637023821
"g816",0,0,0
"g817",29.94006,5.5855,7147.39790726306
"g818",3.70894,0,316.083834281112
"g819",1.15536,0,7.92743701080944
"g820",2450.56118,2001.753,3608976.65977276
"g821",10.23262,0,2866.19035280987
"g822",0,0,0
"g823",28.9057,0,12633.2760173919
"g824",26.03344,0,6039.17147363799
"g825",15.63874,0,3566.4064534795
"g826",94.87468,11.748,25377.2168125676
"g827",15.58754,0,2060.35314918048
"g828",20.3571,0,2946.18504621421
"g829",353.60592,226.944,268689.587400402
"g830",0,0,0
"g831",3.21994,1.785,45.8545539325803
"g832",0.1634,0,1.07004655447359
"g833",0,0,0
"g834",177.54728,8.36,365965.629723768
"g835",0,0,0
"g836",138.0027,26.021,56302.4707295935
"g837",10.2766,0,3714.23542121416
"g838",571.19334,268.409,1008057.46183094
"g839",1153.0241,880.044,1310367.2801785
"g840",91.65644,1.899,118191.095609546
"g841",70.5338,40.468,10163.1872293687
"g842",53.82446,0.3295,11335.9870956923
"g843",134.42572,0,608426.299159417
"g844",0.36288,0,2.06949721988795
"g845",4.0119,2.7745,18.2992021247384
"g846",38.30354,0,8563.3295770503
"g847",128.15028,3.268,70118.4403560686
"g848",0,0,0
"g849",380.6897,192.603,173969.363123951
"g850",4.4038,0,314.627628066738
"g851",95.08042,4.431,40552.9234826955
"g852",67.64084,26.2955,20685.1812969998
"g853",1.98316,0,116.071086920537
"g854",0.39384,0,1.28379428069254
"g855",0,0,0
"g856",26.21764,0,9770.40870998682
"g857",0,0,0
"g858",0.0415,0,0.0694326815600673
"g859",466.52936,264.371,414937.558287956
"g860",513.3255,411.385,193723.733422465
"g861",0,0,0
"g862",0,0,0
"g863",0,0,0
"g864",369.49232,173.4415,284470.990636593
"g865",49.67288,6.657,10161.3170216751
"g866",35.74006,0,9854.0794506002
"g867",819.75208,496.413,919917.233916839
"g868",144.59572,3.1045,172126.009933938
"g869",21.57032,3.8515,2484.9802179333
"g870",660.393,536.326,414091.642798111
"g871",0.93186,0,17.7107959408158
"g872",167.12132,34.328,76842.2330326565
"g873",78.05732,46.086,7301.41018630215
"g874",1.26296,0,17.1743635744812
"g875",30.49034,2.3445,3136.08283282921
"g876",1564.12184,1132.7605,1195218.87722074
"g877",62.39542,0,11638.4332017713
"g878",0,0,0
"g879",0,0,0
"g880",12.9451,0,937.163592740846
"g881",35.76758,11.0745,7598.32857446779
"g882",0.89618,0,3.17430730940919
"g883",0,0,0
"g884",155.03846,0,1038362.59597761
"g885",3.00242,1.9225,34.6149784670215
"g886",0,0,0
"g887",16.32746,0,960.569512932356
"g888",536.48286,388.0265,736331.829111006
"g889",0,0,0
"g890",22.46968,0,3298.6961921834
"g891",1.73064,0,59.0371465167066
"g892",2.01136,0,69.5428971588707
"g893",16.9066,0,6784.52882619133
"g894",7.39914,4.549,133.008418054463
"g895",0,0,0
"g896",0,0,0
"g897",618.7249,225.1315,2049089.01559283
"g898",324.8168,64.8595,252412.463418756
"g899",371.09996,216.3925,152426.905264867
"g900",13.8096,0,1488.39831039113
"g901",0,0,0
"g902",169.68666,29.822,113518.85297487
"g903",0,0,0
"g904",3.18814,0,37.8171705107276
"g905",151.99622,3.896,109624.903636525
"g906",777.9737,159.4045,1759074.60910646
"g907",57.11294,16.3395,12074.4328958145
"g908",878.24476,496.738,1454675.17362936
"g909",0.30114,0,3.28852013049985
"g910",30.12728,24.358,1220.78075508367
"g911",70.1959,0,162716.418900182
"g912",5.2667,1.619,85.1865670514887
"g913",0.01756,0,0.010014088935167
"g914",110.50494,7.0455,59428.8404047284
"g915",0.4258,0,2.75387947144051
"g916",87.03298,21.1295,29315.5870845172
"g917",0,0,0
"g918",308.97506,214.825,212470.222117275
"g919",98.36856,1.148,67023.5605557559
"g920",0,0,0
"g921",3.81846,0,607.166763061222
"g922",33.4292,3.8185,9557.03477598985
"g923",265.8094,53.6385,439282.233121728
"g924",0,0,0
"g925",0.35464,0,4.3613759090302
"g926",203.4048,64.9105,82371.7440868473
"g927",4.42688,0,299.249865529483
"g928",145.78672,6.239,50895.8258782888
"g929",194.83866,10.3215,126281.370420163
"g930",143.20008,1.932,138748.982103687
"g931",181.11736,35.3215,108713.564145211
"g932",2.21166,0,181.551047689199
"g933",0,0,0
"g934",0.2654,0,0.34580349967785
"g935",191.45418,53.296,98999.4545642692
"g936",0,0,0
"g937",8.36448,5.394,78.5225536213242
"g938",0,0,0
"g939",0.9559,0,28.6452639598962
"g940",0.01186,0,0.00602485044676244
"g941",72.54368,6.9635,15226.4997053168
"g942",0,0,0
"g943",361.72414,222.718,116318.611336882
"g944",148.11262,1.5,398088.33613027
"g945",0,0,0
"g946",57.7941,10.929,9409.07073843835
"g947",16.14406,0,3974.54530508117
"g948",0,0,0
"g949",25.64016,0.7835,10006.2677570734
"g950",81.68362,5.1445,224349.325242424
"g951",4.3879,0,301.071556352497
"g952",582.16932,252.5035,2774191.37553119
"g953",0.09332,0,0.228358648578617
"g954",0.12638,0,0.307819509747761
"g955",0,0,0
"g956",175.73592,36.178,66359.5775504485
"g957",30.83592,0,6422.96733451099
"g958",86.39738,16.5855,29067.671390856
"g959",72.5406,4.1945,16252.8916568693
"g960",96.33852,1.776,50563.6180037944
"g961",134.89274,25.483,63871.1019009116
"g962",2676.19882,2685.732,2767306.19220939
"g963",138.81084,3.3265,68880.6526893333
"g964",0,0,0
"g965",123.78,0,416783.9009857
"g966",17.93398,1.862,26414.759644397
"g967",90.84706,0,98488.0483296423
"g968",475.70724,81.531,1018683.06685803
"g969",97.95054,2.628,26436.7795448167
"g970",467.94322,71.8825,1620470.33694875
"g971",34.54108,0,17008.2843373468
"g972",14.5116,0,3030.10102269204
"g973",6557.15194,6682.324,4968144.78080889
"g974",692.6394,481.592,486086.576175582
"g975",2.2322,0,180.688211928459
"g976",937.5488,672.287,905002.229774209
"g977",50.3596,0,18374.6040507903
"g978",0,0,0
"g979",394.90314,256.388,292507.843089136
"g980",200.10994,17.538,111162.681385197
"g981",207.82538,30.819,115007.939994812
"g982",0,0,0
"g983",0,0,0
"g984",0,0,0
"g985",0,0,0
"g986",59.7242,3.6415,55683.857220258
"g987",0,0,0
"g988",0.0361,0,0.0390728058455307
"g989",39.31624,0,54981.1283343833
"g990",294.37132,78.192,364727.107488914
"g991",0,0,0
"g992",0,0,0
"g993",1.29444,0,53.5947348511139
"g994",0,0,0
"g995",433.39404,87.375,473315.815758301
"g996",138.60296,2.7635,116248.014952346
"g997",0,0,0
"g998",4.17344,0,347.631481192409
"g999",944.4498,179.3225,8968855.85744679
"g1000",0,0,0
